id,first_name,last_name,email,gender,job
1,Gabrielle,McIlwraith,gmcilwraith0@tinypic.com,Female,Research Nurse
2,Blair,Imms,bimms1@scientificamerican.com,Male,Human Resources Manager
3,Ole,Trusdale,otrusdale2@pen.io,Male,Software Consultant
4,Jared,Brodeur,jbrodeur3@1und1.de,Male,Statistician II
5,Lindie,MacAvaddy,lmacavaddy4@wiley.com,Female,Quality Control Specialist
6,Tye,Bish,tbish5@bloglovin.com,Male,Pharmacist
7,Lisette,Corbitt,lcorbitt6@over-blog.com,Female,Assistant Manager
8,Doyle,Synan,dsynan7@cyberchimps.com,Male,Food Chemist
9,Linn,Whitehall,lwhitehall8@edublogs.org,Female,Financial Analyst
10,Delcine,Culshew,dculshew9@va.gov,Female,Help Desk Technician
11,Sybyl,Chicotti,schicottia@yahoo.co.jp,Bigender,Accounting Assistant I
12,Ailene,Devon,adevonb@webmd.com,Genderfluid,Web Designer III
13,Eimile,Marlon,emarlonc@printfriendly.com,Female,Office Assistant II
14,Philly,Ivetts,pivettsd@rediff.com,Female,Legal Assistant
15,Ophelia,Brown,obrowne@ucla.edu,Female,Biostatistician III
16,Guinevere,Macauley,gmacauleyf@oracle.com,Female,Engineer II
17,Yalonda,Fairebrother,yfairebrotherg@google.com.br,Female,Safety Technician IV
18,Corny,Stubbin,cstubbinh@samsung.com,Female,Staff Scientist
19,Peggy,Border,pborderi@latimes.com,Female,VP Quality Control
20,Doll,Arnall,darnallj@ihg.com,Female,VP Accounting
21,Berta,Wastie,bwastiek@un.org,Female,Human Resources Manager
22,Sterne,Schwant,sschwantl@joomla.org,Male,Senior Cost Accountant
23,Patrick,Lipmann,plipmannm@wikipedia.org,Genderqueer,Administrative Officer
24,Toiboid,Steuart,tsteuartn@rediff.com,Male,Environmental Tech
25,Viviana,Faithfull,vfaithfullo@harvard.edu,Female,Occupational Therapist
26,Adelle,Gaskins,agaskinsp@examiner.com,Female,Accounting Assistant I
27,Shaun,Thornley,sthornleyq@addtoany.com,Male,Administrative Officer
28,Vinnie,Phillipps,vphillippsr@springer.com,Male,Physical Therapy Assistant
29,Chantalle,Maddicks,cmaddickss@blogtalkradio.com,Female,Help Desk Operator
30,Celeste,Lapere,claperet@1688.com,Female,Accountant III
31,Jeth,Keaves,jkeavesu@si.edu,Male,Human Resources Assistant III
32,Gris,Dalrymple,gdalrymplev@dedecms.com,Male,Registered Nurse
33,Rickie,Perch,rperchw@phoca.cz,Female,Quality Engineer
34,Loy,Denver,ldenverx@surveymonkey.com,Male,Budget/Accounting Analyst IV
35,Rici,Makeswell,rmakeswelly@wordpress.com,Female,Electrical Engineer
36,Robena,Silcock,rsilcockz@eventbrite.com,Female,Recruiter
37,Katuscha,McAmish,kmcamish10@storify.com,Female,Recruiter
38,Francesco,Franca,ffranca11@weather.com,Male,Civil Engineer
39,Hasty,Bushe,hbushe12@pinterest.com,Male,Chemical Engineer
40,Maude,Kenningley,mkenningley13@nhs.uk,Female,Marketing Assistant
41,Lynelle,Shermar,lshermar14@utexas.edu,Female,Mechanical Systems Engineer
42,Raimondo,Clive,rclive15@sciencedaily.com,Male,Tax Accountant
43,Parrnell,McQuirk,pmcquirk16@hostgator.com,Genderqueer,Business Systems Development Analyst
44,Guillermo,Britney,gbritney17@simplemachines.org,Male,Junior Executive
45,Beilul,Cantillion,bcantillion18@si.edu,Genderqueer,Chemical Engineer
46,Brinn,Leftley,bleftley19@wiley.com,Polygender,Dental Hygienist
47,Hercule,Crusham,hcrusham1a@wired.com,Male,Nurse
48,Siobhan,Sand,ssand1b@canalblog.com,Female,Dental Hygienist
49,Robb,Scarlet,rscarlet1c@nhs.uk,Male,Teacher
50,Gilligan,Ballay,gballay1d@usgs.gov,Female,Account Executive
